Country,White,Gold,Black,Red,Green,Blue,Maroon,Coat of Arms,Circle,Crescent,Cross,Animal,Text,Plant,Star,Sun,Weapon or Tool,Area,Continent,Color Text(Hint1),Design Text(Hint2),Area Text(Hint3),Continent Text(Hint4),Image Code
Afghanistan,Yes,No,Yes,No,No,No,No,,,,,,Yes,,,,,652864,Asia,Flag got the following colours: White/Black/,Flag got the following symbols: Text/,Country's Area is 652864 sqkm,Country is in the Continent of Asia,Afghanistan
Albania,No,No,Yes,Yes,No,No,No,,,,,Double Headed Eagle,,,,,,254,Europe,Flag got the following colours: Black/Red/,Flag got the following symbols: Double Headed Eagle/,Country's Area is 254 sqkm,Country is in the Continent of Europe,Albania
Algeria,Yes,No,No,Yes,Yes,No,No,,,Yes,,,,,Yes,,,2381741,Africa,Flag got the following colours: White/Red/Green/,Flag got the following symbols: Crescent/Star/,Country's Area is 2381741 sqkm,Country is in the Continent of Africa,Algeria
Andorra,No,Yes,No,Yes,No,Yes,No,Yes,,,,Two Cows,Yes,,,,,468,Europe,Flag got the following colours: Gold/Red/Blue/,Flag got the following symbols: Coat of Arms/Two Cows/Text/,Country's Area is 468 sqkm,Country is in the Continent of Europe,Andorra
Angola,No,Yes,Yes,Yes,No,No,No,,,,,,,,Yes,,Yes,1246700,Africa,Flag got the following colours: Gold/Black/Red/,Flag got the following symbols: Star/Weapon/Tool/,Country's Area is 1246700 sqkm,Country is in the Continent of Africa,Angola
Antigua and Barbuda,Yes,Yes,Yes,Yes,No,Yes,No,,,,,,,,,Yes,,442,North America,Flag got the following colours: White/Gold/Black/Red/Blue/,Flag got the following symbols: Sun/,Country's Area is 442 sqkm,Country is in the Continent of North America,Antigua and Barbados
Argentina,Yes,Yes,No,No,No,Yes,No,,,,,,,,,Yes,,2780400,South America,Flag got the following colours: White/Gold/Blue/,Flag got the following symbols: Sun/,Country's Area is 2780400 sqkm,Country is in the Continent of South America,Argentina
Armenia,No,Yes,No,Yes,No,Yes,No,,,,,,,,,,,29743,Asia,Flag got the following colours: Gold/Red/Blue/,Flag got the following symbols: ,Country's Area is 29743 sqkm,Country is in the Continent of Asia,Armenia
Australia,Yes,No,No,Yes,No,Yes,No,,,,Yes,,,,Yes,,,7741220,Oceania,Flag got the following colours: White/Red/Blue/,Flag got the following symbols: Cross/Star/,Country's Area is 7741220 sqkm,Country is in the Continent of Oceania,Australia
Austria,Yes,No,No,Yes,No,No,No,,,,,,,,,,,83878,Europe,Flag got the following colours: White/Red/,Flag got the following symbols: ,Country's Area is 83878 sqkm,Country is in the Continent of Europe,Austria
Azerbaijan,Yes,No,No,Yes,Yes,Yes,No,,,Yes,,,,,Yes,,,86600,Asia,Flag got the following colours: White/Red/Green/Blue/,Flag got the following symbols: Crescent/Star/,Country's Area is 86600 sqkm,Country is in the Continent of Asia,Azerbaijan
Bahamas,No,Yes,Yes,No,No,Yes,No,,,,,,,,,,,13880,North America,Flag got the following colours: Gold/Black/Blue/,Flag got the following symbols: ,Country's Area is 13880 sqkm,Country is in the Continent of North America,Bahamas
Bahrain,Yes,No,No,Yes,No,No,No,,,,,,,,,,,778,Asia,Flag got the following colours: White/Red/,Flag got the following symbols: ,Country's Area is 778 sqkm,Country is in the Continent of Asia,Bahrain
Bangladesh,No,No,No,Yes,Yes,No,No,,Yes,,,,,,,,,148460,Asia,Flag got the following colours: Red/Green/,Flag got the following symbols: Circle/,Country's Area is 148460 sqkm,Country is in the Continent of Asia,Bangladesh
Barbados,No,Yes,Yes,No,No,Yes,No,,,,,,,,,,Yes,431,North America,Flag got the following colours: Gold/Black/Blue/,Flag got the following symbols: Weapon/Tool/,Country's Area is 431 sqkm,Country is in the Continent of North America,Barbados
Belarus,Yes,No,No,Yes,Yes,No,No,,,,,,,,,,,207600,Europe,Flag got the following colours: White/Red/Green/,Flag got the following symbols: ,Country's Area is 207600 sqkm,Country is in the Continent of Europe,Belarus
Belgium,No,Yes,Yes,Yes,No,No,No,,,,,,,,,,,30528,Europe,Flag got the following colours: Gold/Black/Red/,Flag got the following symbols: ,Country's Area is 30528 sqkm,Country is in the Continent of Europe,Belgium
Belize,Yes,No,No,Yes,No,Yes,No,Yes,Yes,,,,Yes,,,,Yes,22965,North America,Flag got the following colours: White/Red/Blue/,Flag got the following symbols: Coat of Arms/Circle/Text/Weapon/Tool/,Country's Area is 22965 sqkm,Country is in the Continent of North America,Belize
Benin,No,Yes,No,Yes,Yes,No,No,,,,,,,,,,,114763,Africa,Flag got the following colours: Gold/Red/Green/,Flag got the following symbols: ,Country's Area is 114763 sqkm,Country is in the Continent of Africa,Benin
Bhutan,Yes,Yes,No,No,No,No,No,,,,,,,,,,,38394,Asia,Flag got the following colours: White/Gold/,Flag got the following symbols: ,Country's Area is 38394 sqkm,Country is in the Continent of Asia,Bhutan
Bolivia,No,Yes,No,Yes,Yes,No,No,Yes,,,,Condor/Llama,,Yes,,,,1098581,South America,Flag got the following colours: Gold/Red/Green/,Flag got the following symbols: Coat of Arms/Condor/Llama/Plant/,Country's Area is 1098581 sqkm,Country is in the Continent of South America,Bolivia
Bosnia and Herzegovina,Yes,Yes,No,No,No,Yes,No,,,,,,,,Yes,,,51209,Europe,Flag got the following colours: White/Gold/Blue/,Flag got the following symbols: Star/,Country's Area is 51209 sqkm,Country is in the Continent of Europe,Bosnia and Herzegovina
Botswana,Yes,No,Yes,No,No,Yes,No,,,,,,,,,,,582000,Africa,Flag got the following colours: White/Black/Blue/,Flag got the following symbols: ,Country's Area is 582000 sqkm,Country is in the Continent of Africa,Botswana
Brazil,Yes,Yes,No,No,Yes,Yes,No,,Yes,,,,Yes,,Yes,,,8510346,South America,Flag got the following colours: White/Gold/Green/Blue/,Flag got the following symbols: Circle/Text/Star/,Country's Area is 8510346 sqkm,Country is in the Continent of South America,Brazil
Brunei,Yes,Yes,Yes,Yes,No,No,No,,,Yes,,,Yes,,,,,5765,Asia,Flag got the following colours: White/Gold/Black/Red/,Flag got the following symbols: Crescent/Text/,Country's Area is 5765 sqkm,Country is in the Continent of Asia,Brunei
Bulgaria,Yes,No,No,Yes,Yes,No,No,,,,,,,,,,,110879,Europe,Flag got the following colours: White/Red/Green/,Flag got the following symbols: ,Country's Area is 110879 sqkm,Country is in the Continent of Europe,Bulgaria
Burkina Faso,No,Yes,No,Yes,Yes,No,No,,,,,,,,Yes,,,274200,Africa,Flag got the following colours: Gold/Red/Green/,Flag got the following symbols: Star/,Country's Area is 274200 sqkm,Country is in the Continent of Africa,Burkina Faso
Burundi,Yes,No,No,Yes,Yes,No,No,,Yes,,Yes,,,,Yes,,,27834,Africa,Flag got the following colours: White/Red/Green/,Flag got the following symbols: Circle/Cross/Star/,Country's Area is 27834 sqkm,Country is in the Continent of Africa,Burundi
Cambodia,Yes,No,No,Yes,No,Yes,No,,,,,,,,,,,181035,Asia,Flag got the following colours: White/Red/Blue/,Flag got the following symbols: ,Country's Area is 181035 sqkm,Country is in the Continent of Asia,Cambodia
Cameroon,No,Yes,No,Yes,Yes,No,No,,,,,,,,Yes,,,475650,Africa,Flag got the following colours: Gold/Red/Green/,Flag got the following symbols: Star/,Country's Area is 475650 sqkm,Country is in the Continent of Africa,Cameroon
Canada,Yes,No,No,Yes,No,No,No,,,,,,,Yes,,,,9984670,North America,Flag got the following colours: White/Red/,Flag got the following symbols: Plant/,Country's Area is 9984670 sqkm,Country is in the Continent of North America,Canada
Cape Verde,Yes,Yes,No,Yes,No,Yes,No,,,,,,,,Yes,,,4033,Africa,Flag got the following colours: White/Gold/Red/Blue/,Flag got the following symbols: Star/,Country's Area is 4033 sqkm,Country is in the Continent of Africa,Cape Verde
Central African Republic,Yes,Yes,No,Yes,Yes,Yes,No,,,,,,,,Yes,,,622984,Africa,Flag got the following colours: White/Gold/Red/Green/Blue/,Flag got the following symbols: Star/,Country's Area is 622984 sqkm,Country is in the Continent of Africa,Central African Republic
Chad,No,Yes,No,Yes,No,Yes,No,,,,,,,,,,,1284000,Africa,Flag got the following colours: Gold/Red/Blue/,Flag got the following symbols: ,Country's Area is 1284000 sqkm,Country is in the Continent of Africa,Chad
Chile,Yes,No,No,Yes,No,Yes,No,,,,,,,,Yes,,,756102,South America,Flag got the following colours: White/Red/Blue/,Flag got the following symbols: Star/,Country's Area is 756102 sqkm,Country is in the Continent of South America,Chile
China,No,Yes,No,Yes,No,No,No,,,,,,,,Yes,,,9596960,Asia,Flag got the following colours: Gold/Red/,Flag got the following symbols: Star/,Country's Area is 9596960 sqkm,Country is in the Continent of Asia,Ghana
Colombia,No,Yes,No,Yes,No,Yes,No,,,,,,,,,,,1138910,South America,Flag got the following colours: Gold/Red/Blue/,Flag got the following symbols: ,Country's Area is 1138910 sqkm,Country is in the Continent of South America,Colombia
Comoros,Yes,Yes,No,Yes,Yes,Yes,No,,,Yes,,,,,Yes,,,1861,Africa,Flag got the following colours: White/Gold/Red/Green/Blue/,Flag got the following symbols: Crescent/Star/,Country's Area is 1861 sqkm,Country is in the Continent of Africa,Comoros
Costa Rica,Yes,No,No,Yes,No,Yes,No,Yes,,,,,,,,,,51100,North America,Flag got the following colours: White/Red/Blue/,Flag got the following symbols: Coat of Arms/,Country's Area is 51100 sqkm,Country is in the Continent of North America,Costa Rica
Croatia,Yes,No,No,Yes,No,Yes,No,Yes,,Yes,,Leopard/Goat/Marten,,,,,,56594,Europe,Flag got the following colours: White/Red/Blue/,Flag got the following symbols: Coat of Arms/Crescent/Leopard/Goat/Marten/,Country's Area is 56594 sqkm,Country is in the Continent of Europe,Croatia
Cuba,Yes,No,No,Yes,No,Yes,No,,,,,,,,Yes,,,109884,North America,Flag got the following colours: White/Red/Blue/,Flag got the following symbols: Star/,Country's Area is 109884 sqkm,Country is in the Continent of North America,Cuba
Cyprus,Yes,Yes,No,No,Yes,No,No,,,,,,,Yes,,,,9251,Europe,Flag got the following colours: White/Gold/Green/,Flag got the following symbols: Plant/,Country's Area is 9251 sqkm,Country is in the Continent of Europe,Cyprus
Czech Republic,Yes,No,No,Yes,No,Yes,No,,,,,,,,,,,78871,Europe,Flag got the following colours: White/Red/Blue/,Flag got the following symbols: ,Country's Area is 78871 sqkm,Country is in the Continent of Europe,Czech Republic
Democratic Republic of the Congo,No,Yes,No,Yes,No,Yes,No,,,,,,,,Yes,,,2344858,Africa,Flag got the following colours: Gold/Red/Blue/,Flag got the following symbols: Star/,Country's Area is 2344858 sqkm,Country is in the Continent of Africa,Democratic Republic of the Congo
Denmark,Yes,No,No,Yes,No,No,No,,,,Yes,,,,,,,42947,Europe,Flag got the following colours: White/Red/,Flag got the following symbols: Cross/,Country's Area is 42947 sqkm,Country is in the Continent of Europe,Denmark
Djibouti,Yes,No,No,Yes,Yes,Yes,No,,,,,,,,Yes,,,23200,Africa,Flag got the following colours: White/Red/Green/Blue/,Flag got the following symbols: Star/,Country's Area is 23200 sqkm,Country is in the Continent of Africa,Djibouti
Dominica,Yes,Yes,Yes,Yes,Yes,No,No,,,,Yes,Sisserou Parrot,,,Yes,,,750,North America,Flag got the following colours: White/Gold/Black/Red/Green/,Flag got the following symbols: Cross/Sisserou Parrot/Star/,Country's Area is 750 sqkm,Country is in the Continent of North America,Dominica
Dominican Republic,Yes,No,No,Yes,No,Yes,No,Yes,,,Yes,,Yes,,,,,48670,North America,Flag got the following colours: White/Red/Blue/,Flag got the following symbols: Coat of Arms/Cross/Text/,Country's Area is 48670 sqkm,Country is in the Continent of North America,Dominican Republic
East Timor,Yes,Yes,Yes,Yes,No,No,No,,,,,,,,Yes,,,14878,Asia,Flag got the following colours: White/Gold/Black/Red/,Flag got the following symbols: Star/,Country's Area is 14878 sqkm,Country is in the Continent of Asia,East Timor
Ecuador,No,Yes,No,Yes,No,Yes,No,Yes,,,,Condor,,,,Yes,,283561,South America,Flag got the following colours: Gold/Red/Blue/,Flag got the following symbols: Coat of Arms/Condor/Sun/,Country's Area is 283561 sqkm,Country is in the Continent of South America,Ecuador
Egypt,Yes,Yes,Yes,Yes,No,No,No,Yes,,,,Eagle of Saladin,Yes,,,,,1001450,Africa,Flag got the following colours: White/Gold/Black/Red/,Flag got the following symbols: Coat of Arms/Eagle of Saladin/Text/,Country's Area is 1001450 sqkm,Country is in the Continent of Africa,Egypt
El Salvador,Yes,No,No,No,No,Yes,No,Yes,,,,,Yes,,,,,21041,North America,Flag got the following colours: White/Blue/,Flag got the following symbols: Coat of Arms/Text/,Country's Area is 21041 sqkm,Country is in the Continent of North America,El Salvador
Equatorial Guinea,Yes,No,No,Yes,Yes,Yes,No,Yes,,,,,,Yes,Yes,,,28051,Africa,Flag got the following colours: White/Red/Green/Blue/,Flag got the following symbols: Coat of Arms/Plant/Star/,Country's Area is 28051 sqkm,Country is in the Continent of Africa,Equatorial Guinea
Eritrea,No,Yes,No,Yes,Yes,Yes,No,,,,,,,Yes,,,,117600,Africa,Flag got the following colours: Gold/Red/Green/Blue/,Flag got the following symbols: Plant/,Country's Area is 117600 sqkm,Country is in the Continent of Africa,Eritrea
Estonia,Yes,No,Yes,No,No,Yes,No,,,,,,,,,,,45339,Europe,Flag got the following colours: White/Black/Blue/,Flag got the following symbols: ,Country's Area is 45339 sqkm,Country is in the Continent of Europe,Estonia
Eswatini,Yes,Yes,Yes,Yes,No,Yes,No,,,,,,,,,,Yes,17363,Africa,Flag got the following colours: White/Gold/Black/Red/Blue/,Flag got the following symbols: Weapon/Tool/,Country's Area is 17363 sqkm,Country is in the Continent of Africa,Eswatini
Ethiopia,No,Yes,No,Yes,Yes,Yes,No,,Yes,,,,,,Yes,,,1104300,Africa,Flag got the following colours: Gold/Red/Green/Blue/,Flag got the following symbols: Circle/Star/,Country's Area is 1104300 sqkm,Country is in the Continent of Africa,Ethiopia
Fiji,Yes,Yes,No,Yes,Yes,Yes,No,Yes,,,Yes,White Pelican/Yellow Lion,,Yes,,,,18272,Oceania,Flag got the following colours: White/Gold/Red/Green/Blue/,Flag got the following symbols: Coat of Arms/Cross/White Pelican/Yellow Lion/Plant/,Country's Area is 18272 sqkm,Country is in the Continent of Oceania,Fiji
Finland,Yes,No,No,No,No,Yes,No,,,,Yes,,,,,,,338145,Europe,Flag got the following colours: White/Blue/,Flag got the following symbols: Cross/,Country's Area is 338145 sqkm,Country is in the Continent of Europe,Finland
France,Yes,No,No,Yes,No,Yes,No,,,,,,,,,,,643801,Europe,Flag got the following colours: White/Red/Blue/,Flag got the following symbols: ,Country's Area is 643801 sqkm,Country is in the Continent of Europe,France
Gabon,No,Yes,No,No,Yes,Yes,No,,,,,,,,,,,267668,Africa,Flag got the following colours: Gold/Green/Blue/,Flag got the following symbols: ,Country's Area is 267668 sqkm,Country is in the Continent of Africa,Gabon
Gambia,Yes,No,No,Yes,Yes,Yes,No,,,,,,,,,,,11295,Africa,Flag got the following colours: White/Red/Green/Blue/,Flag got the following symbols: ,Country's Area is 11295 sqkm,Country is in the Continent of Africa,Gambia
Georgia,Yes,No,No,Yes,No,No,No,,,,Yes,,,,,,,69700,Asia,Flag got the following colours: White/Red/,Flag got the following symbols: Cross/,Country's Area is 69700 sqkm,Country is in the Continent of Asia,Georgia
Germany,No,Yes,Yes,Yes,No,No,No,,,,,,,,,,,357581,Europe,Flag got the following colours: Gold/Black/Red/,Flag got the following symbols: ,Country's Area is 357581 sqkm,Country is in the Continent of Europe,Germany
Ghana,No,Yes,Yes,Yes,No,No,No,,,,,,,,Yes,,,238537,Africa,Flag got the following colours: Gold/Black/Red/,Flag got the following symbols: Star/,Country's Area is 238537 sqkm,Country is in the Continent of Africa,Ghana
Greece,Yes,No,No,No,No,Yes,No,,,,Yes,,,,,,,131957,Europe,Flag got the following colours: White/Blue/,Flag got the following symbols: Cross/,Country's Area is 131957 sqkm,Country is in the Continent of Europe,Greece
Grenada,No,Yes,No,Yes,Yes,No,No,,Yes,,,,,Yes,Yes,,,345,North America,Flag got the following colours: Gold/Red/Green/,Flag got the following symbols: Circle/Plant/Star/,Country's Area is 345 sqkm,Country is in the Continent of North America,Grenada
Guatemala,Yes,No,No,No,No,Yes,No,Yes,,,,Quetzal,Yes,,,,Yes,108889,North America,Flag got the following colours: White/Blue/,Flag got the following symbols: Coat of Arms/Quetzal/Text/Weapon/Tool/,Country's Area is 108889 sqkm,Country is in the Continent of North America,Guatemala
Guinea,No,Yes,No,Yes,Yes,No,No,,,,,,,,,,,245857,Africa,Flag got the following colours: Gold/Red/Green/,Flag got the following symbols: ,Country's Area is 245857 sqkm,Country is in the Continent of Africa,Guinea
Guinea-Bissau,No,Yes,Yes,Yes,No,No,No,,,,,,,,Yes,,,36125,Africa,Flag got the following colours: Gold/Black/Red/,Flag got the following symbols: Star/,Country's Area is 36125 sqkm,Country is in the Continent of Africa,Guinea-Bissau
Guyana,Yes,Yes,Yes,Yes,Yes,No,No,,,,,,,,,,,214969,South America,Flag got the following colours: White/Gold/Black/Red/Green/,Flag got the following symbols: ,Country's Area is 214969 sqkm,Country is in the Continent of South America,Guyana
Haiti,Yes,No,No,Yes,No,Yes,No,Yes,,,,,Yes,Yes,,,Yes,27750,North America,Flag got the following colours: White/Red/Blue/,Flag got the following symbols: Coat of Arms/Text/Plant/Weapon/Tool/,Country's Area is 27750 sqkm,Country is in the Continent of North America,Haiti
Honduras,Yes,No,No,No,No,Yes,No,,,,,,,,Yes,,,112492,North America,Flag got the following colours: White/Blue/,Flag got the following symbols: Star/,Country's Area is 112492 sqkm,Country is in the Continent of North America,Honduras
Hungary,Yes,No,No,Yes,Yes,No,No,,,,,,,,,,,93025,Europe,Flag got the following colours: White/Red/Green/,Flag got the following symbols: ,Country's Area is 93025 sqkm,Country is in the Continent of Europe,Hungary
Iceland,Yes,No,No,Yes,No,Yes,No,,,,Yes,,,,,,,103000,Europe,Flag got the following colours: White/Red/Blue/,Flag got the following symbols: Cross/,Country's Area is 103000 sqkm,Country is in the Continent of Europe,Iceland
India,Yes,Yes,No,No,Yes,Yes,No,,Yes,,,,,,,,Yes,3287263,Asia,Flag got the following colours: White/Gold/Green/Blue/,Flag got the following symbols: Circle/Weapon/Tool/,Country's Area is 3287263 sqkm,Country is in the Continent of Asia,India
Indonesia,Yes,No,No,Yes,No,No,No,,,,,,,,,,,1904569,Asia,Flag got the following colours: White/Red/,Flag got the following symbols: ,Country's Area is 1904569 sqkm,Country is in the Continent of Asia,Indonesia
Iran,Yes,No,No,Yes,Yes,No,No,,,,,,Yes,,,,,1648195,Asia,Flag got the following colours: White/Red/Green/,Flag got the following symbols: Text/,Country's Area is 1648195 sqkm,Country is in the Continent of Asia,Iran
Iraq,Yes,No,Yes,Yes,Yes,No,No,,,,,,Yes,,,,,438317,Asia,Flag got the following colours: White/Black/Red/Green/,Flag got the following symbols: Text/,Country's Area is 438317 sqkm,Country is in the Continent of Asia,Iraq
Ireland,Yes,Yes,No,No,Yes,No,No,,,,,,,,,,,70273,Europe,Flag got the following colours: White/Gold/Green/,Flag got the following symbols: ,Country's Area is 70273 sqkm,Country is in the Continent of Europe,Ireland
Israel,Yes,No,No,No,No,Yes,No,,,,,,,,Yes,,,21937,Asia,Flag got the following colours: White/Blue/,Flag got the following symbols: Star/,Country's Area is 21937 sqkm,Country is in the Continent of Asia,Israel
Italy,Yes,No,No,Yes,Yes,No,No,,,,,,,,,,,302068,Europe,Flag got the following colours: White/Red/Green/,Flag got the following symbols: ,Country's Area is 302068 sqkm,Country is in the Continent of Europe,Italy
Ivory Coast,Yes,Yes,No,No,Yes,No,No,,,,,,,,,,,322462,Africa,Flag got the following colours: White/Gold/Green/,Flag got the following symbols: ,Country's Area is 322462 sqkm,Country is in the Continent of Africa,Ivory Coast
Jamaica,No,Yes,Yes,No,Yes,No,No,,,,Yes,,,,,,,10991,North America,Flag got the following colours: Gold/Black/Green/,Flag got the following symbols: Cross/,Country's Area is 10991 sqkm,Country is in the Continent of North America,Jamaica
Japan,Yes,No,No,Yes,No,No,No,,Yes,,,,,,,,,377915,Asia,Flag got the following colours: White/Red/,Flag got the following symbols: Circle/,Country's Area is 377915 sqkm,Country is in the Continent of Asia,Japan
Jordan,Yes,No,Yes,Yes,Yes,No,No,,,,,,,,Yes,,,89318,Asia,Flag got the following colours: White/Black/Red/Green/,Flag got the following symbols: Star/,Country's Area is 89318 sqkm,Country is in the Continent of Asia,Jordan
Kazakhstan,No,Yes,No,No,No,Yes,No,,Yes,,,Steppe Eagle,,,,Yes,,2724910,Asia,Flag got the following colours: Gold/Blue/,Flag got the following symbols: Circle/Steppe Eagle/Sun/,Country's Area is 2724910 sqkm,Country is in the Continent of Asia,Kazakhstan
Kenya,Yes,No,Yes,Yes,Yes,No,No,,,,,,,,,,Yes,580367,Africa,Flag got the following colours: White/Black/Red/Green/,Flag got the following symbols: Weapon/Tool/,Country's Area is 580367 sqkm,Country is in the Continent of Africa,Kenya
Kiribati,Yes,Yes,No,Yes,No,Yes,No,,,,,Frigatebird,,,,Yes,,811,Oceania,Flag got the following colours: White/Gold/Red/Blue/,Flag got the following symbols: Frigatebird/Sun/,Country's Area is 811 sqkm,Country is in the Continent of Oceania,Kiribati
Kuwait,Yes,No,Yes,Yes,Yes,No,No,,,,,,,,,,,17818,Asia,Flag got the following colours: White/Black/Red/Green/,Flag got the following symbols: ,Country's Area is 17818 sqkm,Country is in the Continent of Asia,Kuwait
Kyrgyzstan,No,Yes,No,Yes,No,No,No,,,,,,,,,Yes,,199949,Asia,Flag got the following colours: Gold/Red/,Flag got the following symbols: Sun/,Country's Area is 199949 sqkm,Country is in the Continent of Asia,Kyrgyzstan
Laos,Yes,No,No,Yes,No,Yes,No,,Yes,,,,,,,,,236800,Asia,Flag got the following colours: White/Red/Blue/,Flag got the following symbols: Circle/,Country's Area is 236800 sqkm,Country is in the Continent of Asia,Laos
Latvia,Yes,No,No,No,No,No,Yes,,,,,,,,,,,64594,Europe,Flag got the following colours: White/Maroon/,Flag got the following symbols: ,Country's Area is 64594 sqkm,Country is in the Continent of Europe,Latvia
Lebanon,Yes,No,No,Yes,Yes,No,No,,,,,,,Yes,,,,10452,Asia,Flag got the following colours: White/Red/Green/,Flag got the following symbols: Plant/,Country's Area is 10452 sqkm,Country is in the Continent of Asia,Lebanon
Lesotho,Yes,No,Yes,No,Yes,Yes,No,,,,,,,,,,,30355,Africa,Flag got the following colours: White/Black/Green/Blue/,Flag got the following symbols: ,Country's Area is 30355 sqkm,Country is in the Continent of Africa,Lesotho
Liberia,Yes,No,No,Yes,No,Yes,No,,,,,,,,Yes,,,111369,Africa,Flag got the following colours: White/Red/Blue/,Flag got the following symbols: Star/,Country's Area is 111369 sqkm,Country is in the Continent of Africa,Liberia
Libya,Yes,No,Yes,Yes,Yes,No,No,,,Yes,,,,,Yes,,,1759540,Africa,Flag got the following colours: White/Black/Red/Green/,Flag got the following symbols: Crescent/Star/,Country's Area is 1759540 sqkm,Country is in the Continent of Africa,Libya
Liechtenstein,No,Yes,No,Yes,No,Yes,No,,,,,,,,,,,160,Europe,Flag got the following colours: Gold/Red/Blue/,Flag got the following symbols: ,Country's Area is 160 sqkm,Country is in the Continent of Europe,Liechtenstein
Lithuania,No,Yes,No,Yes,Yes,No,No,,,,,,,,,,,65286,Europe,Flag got the following colours: Gold/Red/Green/,Flag got the following symbols: ,Country's Area is 65286 sqkm,Country is in the Continent of Europe,Lithuania
Luxembourg,Yes,No,No,Yes,No,Yes,No,,,,,,,,,,,2586,Europe,Flag got the following colours: White/Red/Blue/,Flag got the following symbols: ,Country's Area is 2586 sqkm,Country is in the Continent of Europe,Luxembourg
Madagascar,Yes,No,No,Yes,Yes,No,No,,,,,,,,,,,587041,Africa,Flag got the following colours: White/Red/Green/,Flag got the following symbols: ,Country's Area is 587041 sqkm,Country is in the Continent of Africa,Madagascar
Malawi,No,No,Yes,Yes,Yes,No,No,,,,,,,,,Yes,,118484,Africa,Flag got the following colours: Black/Red/Green/,Flag got the following symbols: Sun/,Country's Area is 118484 sqkm,Country is in the Continent of Africa,Malawi
Malaysia,Yes,Yes,No,Yes,No,Yes,No,,,Yes,,,,,Yes,,,329847,Asia,Flag got the following colours: White/Gold/Red/Blue/,Flag got the following symbols: Crescent/Star/,Country's Area is 329847 sqkm,Country is in the Continent of Asia,Malaysia
Maldives,Yes,No,No,Yes,Yes,No,No,,,Yes,,,,,,,,300,Asia,Flag got the following colours: White/Red/Green/,Flag got the following symbols: Crescent/,Country's Area is 300 sqkm,Country is in the Continent of Asia,Maldives
Mali,No,Yes,No,Yes,Yes,No,No,,,,,,,,,,,1240192,Africa,Flag got the following colours: Gold/Red/Green/,Flag got the following symbols: ,Country's Area is 1240192 sqkm,Country is in the Continent of Africa,Mali
Malta,Yes,No,No,Yes,No,No,No,,,,Yes,Horse/Dragon,Yes,,,,,315,Europe,Flag got the following colours: White/Red/,Flag got the following symbols: Cross/Horse/Dragon/Text/,Country's Area is 315 sqkm,Country is in the Continent of Europe,Malta
Marshall Islands,Yes,Yes,No,No,No,Yes,No,,,,,,,,Yes,Yes,,181,Oceania,Flag got the following colours: White/Gold/Blue/,Flag got the following symbols: Star/Sun/,Country's Area is 181 sqkm,Country is in the Continent of Oceania,Marshall Islands
Mauritania,No,Yes,No,Yes,Yes,No,No,,,Yes,,,,,Yes,,,1030700,Africa,Flag got the following colours: Gold/Red/Green/,Flag got the following symbols: Crescent/Star/,Country's Area is 1030700 sqkm,Country is in the Continent of Africa,Mauritania
Mauritius,No,Yes,No,Yes,Yes,Yes,No,,,,,,,,,,,2040,Africa,Flag got the following colours: Gold/Red/Green/Blue/,Flag got the following symbols: ,Country's Area is 2040 sqkm,Country is in the Continent of Africa,Mauritius
Mexico,Yes,No,No,Yes,Yes,No,No,Yes,,,,Eagle/Snake,,Yes,,,,1964375,North America,Flag got the following colours: White/Red/Green/,Flag got the following symbols: Coat of Arms/Eagle/Snake/Plant/,Country's Area is 1964375 sqkm,Country is in the Continent of North America,Mexico
Micronesia,Yes,No,No,No,No,Yes,No,,,,,,,,Yes,,,702,Oceania,Flag got the following colours: White/Blue/,Flag got the following symbols: Star/,Country's Area is 702 sqkm,Country is in the Continent of Oceania,Micronesia
Moldova,No,Yes,No,Yes,No,Yes,No,Yes,,Yes,,Eagle/Aurochs,,,,,,33847,Europe,Flag got the following colours: Gold/Red/Blue/,Flag got the following symbols: Coat of Arms/Crescent/Eagle/Aurochs/,Country's Area is 33847 sqkm,Country is in the Continent of Europe,Moldova
Monaco,Yes,No,No,Yes,No,No,No,,,,,,,,,,,2,Europe,Flag got the following colours: White/Red/,Flag got the following symbols: ,Country's Area is 2 sqkm,Country is in the Continent of Europe,Monaco
Mongolia,No,Yes,No,Yes,No,Yes,No,,Yes,Yes,,,,,,,,1564116,Asia,Flag got the following colours: Gold/Red/Blue/,Flag got the following symbols: Circle/Crescent/,Country's Area is 1564116 sqkm,Country is in the Continent of Asia,Mongolia
Montenegro,No,Yes,No,Yes,No,No,No,Yes,,,,Double Headed Eagle/Lion,,,,,,13812,Europe,Flag got the following colours: Gold/Red/,Flag got the following symbols: Coat of Arms/Double Headed Eagle/Lion/,Country's Area is 13812 sqkm,Country is in the Continent of Europe,Montenegro
Morocco,No,No,No,Yes,Yes,No,No,,,,,,,,Yes,,,446550,Africa,Flag got the following colours: Red/Green/,Flag got the following symbols: Star/,Country's Area is 446550 sqkm,Country is in the Continent of Africa,Morocco
Mozambique,Yes,Yes,Yes,Yes,Yes,No,No,,,,,,,,Yes,,Yes,799380,Africa,Flag got the following colours: White/Gold/Black/Red/Green/,Flag got the following symbols: Star/Weapon/Tool/,Country's Area is 799380 sqkm,Country is in the Continent of Africa,Mozambique
Myanmar,Yes,Yes,No,Yes,Yes,No,No,,,,,,,,Yes,,Yes,676578,Asia,Flag got the following colours: White/Gold/Red/Green/,Flag got the following symbols: Star/Weapon/Tool/,Country's Area is 676578 sqkm,Country is in the Continent of Asia,Myanmar
Namibia,Yes,Yes,No,Yes,Yes,Yes,No,,Yes,,,,,,Yes,Yes,,824292,Africa,Flag got the following colours: White/Gold/Red/Green/Blue/,Flag got the following symbols: Circle/Star/Sun/,Country's Area is 824292 sqkm,Country is in the Continent of Africa,Namibia
Nauru,Yes,Yes,No,No,No,Yes,No,,,,,,,,Yes,Yes,,21,Oceania,Flag got the following colours: White/Gold/Blue/,Flag got the following symbols: Star/Sun/,Country's Area is 21 sqkm,Country is in the Continent of Oceania,Nauru
Nepal,Yes,No,No,Yes,No,Yes,No,,,Yes,,,,,,Yes,,147181,Asia,Flag got the following colours: White/Red/Blue/,Flag got the following symbols: Crescent/Sun/,Country's Area is 147181 sqkm,Country is in the Continent of Asia,Nepal
Netherlands,Yes,No,No,Yes,No,Yes,No,,,,,,,,,,,41865,Europe,Flag got the following colours: White/Red/Blue/,Flag got the following symbols: ,Country's Area is 41865 sqkm,Country is in the Continent of Europe,Netherlands
New Zealand,Yes,No,No,Yes,No,Yes,No,,,,Yes,,,,Yes,,,268838,Oceania,Flag got the following colours: White/Red/Blue/,Flag got the following symbols: Cross/Star/,Country's Area is 268838 sqkm,Country is in the Continent of Oceania,New Zealand
Nicaragua,Yes,No,No,No,No,Yes,No,Yes,,,,,Yes,,,,,130373,North America,Flag got the following colours: White/Blue/,Flag got the following symbols: Coat of Arms/Text/,Country's Area is 130373 sqkm,Country is in the Continent of North America,Nicaragua
Niger,Yes,Yes,No,No,Yes,No,No,,Yes,,,,,,,Yes,,1267000,Africa,Flag got the following colours: White/Gold/Green/,Flag got the following symbols: Circle/Sun/,Country's Area is 1267000 sqkm,Country is in the Continent of Africa,Niger
Nigeria,Yes,No,No,No,Yes,No,No,,,,,,,,,,,923768,Africa,Flag got the following colours: White/Green/,Flag got the following symbols: ,Country's Area is 923768 sqkm,Country is in the Continent of Africa,Nigeria
North Korea,Yes,No,No,Yes,No,Yes,No,,Yes,,,,,,Yes,,,120538,Asia,Flag got the following colours: White/Red/Blue/,Flag got the following symbols: Circle/Star/,Country's Area is 120538 sqkm,Country is in the Continent of Asia,North Korea
North Macedonia,No,Yes,No,Yes,No,No,No,,Yes,,,,,,,,,25713,Europe,Flag got the following colours: Gold/Red/,Flag got the following symbols: Circle/,Country's Area is 25713 sqkm,Country is in the Continent of Europe,North Macedonia
Norway,Yes,No,No,Yes,No,Yes,No,,,,Yes,,,,,,,386224,Europe,Flag got the following colours: White/Red/Blue/,Flag got the following symbols: Cross/,Country's Area is 386224 sqkm,Country is in the Continent of Europe,Norway
Oman,Yes,No,No,Yes,Yes,No,No,,,,,,,,,,Yes,309500,Asia,Flag got the following colours: White/Red/Green/,Flag got the following symbols: Weapon/Tool/,Country's Area is 309500 sqkm,Country is in the Continent of Asia,Oman
Pakistan,Yes,No,No,No,Yes,No,No,,,Yes,,,,,Yes,,,882363,Asia,Flag got the following colours: White/Green/,Flag got the following symbols: Crescent/Star/,Country's Area is 882363 sqkm,Country is in the Continent of Asia,Pakistan
Palau,No,Yes,No,No,No,Yes,No,,Yes,,,,,,,,,459,Oceania,Flag got the following colours: Gold/Blue/,Flag got the following symbols: Circle/,Country's Area is 459 sqkm,Country is in the Continent of Oceania,Palau
Palestine,Yes,No,Yes,Yes,Yes,No,No,,,,,,,,,,,6020,Asia,Flag got the following colours: White/Black/Red/Green/,Flag got the following symbols: ,Country's Area is 6020 sqkm,Country is in the Continent of Asia,Palestine
Panama,Yes,No,No,Yes,No,Yes,No,,,,,,,,Yes,,,75320,North America,Flag got the following colours: White/Red/Blue/,Flag got the following symbols: Star/,Country's Area is 75320 sqkm,Country is in the Continent of North America,Panama
Papua New Guinea,Yes,Yes,Yes,Yes,No,No,No,,,,,Raggiana,,,Yes,,,462840,Oceania,Flag got the following colours: White/Gold/Black/Red/,Flag got the following symbols: Raggiana/Star/,Country's Area is 462840 sqkm,Country is in the Continent of Oceania,Papua New Guinea
Paraguay,Yes,No,No,Yes,No,Yes,No,Yes,Yes,,,,Yes,,Yes,,,406752,South America,Flag got the following colours: White/Red/Blue/,Flag got the following symbols: Coat of Arms/Circle/Text/Star/,Country's Area is 406752 sqkm,Country is in the Continent of South America,Paraguay
Peru,Yes,No,No,Yes,No,No,No,,,,,,,,,,,1285216,South America,Flag got the following colours: White/Red/,Flag got the following symbols: ,Country's Area is 1285216 sqkm,Country is in the Continent of South America,Peru
Philippines,Yes,Yes,No,Yes,No,Yes,No,,,,,,,,Yes,Yes,,300000,Asia,Flag got the following colours: White/Gold/Red/Blue/,Flag got the following symbols: Star/Sun/,Country's Area is 300000 sqkm,Country is in the Continent of Asia,Philippines
Poland,Yes,No,No,Yes,No,No,No,,,,,,,,,,,312865,Europe,Flag got the following colours: White/Red/,Flag got the following symbols: ,Country's Area is 312865 sqkm,Country is in the Continent of Europe,Poland
Portugal,No,No,No,Yes,Yes,No,No,Yes,Yes,,,,,,,,Yes,92225,Europe,Flag got the following colours: Red/Green/,Flag got the following symbols: Coat of Arms/Circle/Weapon/Tool/,Country's Area is 92225 sqkm,Country is in the Continent of Europe,Portugal
Qatar,Yes,No,No,No,No,No,Yes,,,,,,,,,,,11586,Asia,Flag got the following colours: White/Maroon/,Flag got the following symbols: ,Country's Area is 11586 sqkm,Country is in the Continent of Asia,Qatar
Republic of the Congo,No,Yes,No,Yes,Yes,No,No,,,,,,,,,,,342000,Africa,Flag got the following colours: Gold/Red/Green/,Flag got the following symbols: ,Country's Area is 342000 sqkm,Country is in the Continent of Africa,Republic of the Congo
Romania,No,Yes,No,Yes,No,Yes,No,,,,,,,,,,,238398,Europe,Flag got the following colours: Gold/Red/Blue/,Flag got the following symbols: ,Country's Area is 238398 sqkm,Country is in the Continent of Europe,Romania
Russia,Yes,No,No,Yes,No,Yes,No,,,,,,,,,,,17098246,Europe,Flag got the following colours: White/Red/Blue/,Flag got the following symbols: ,Country's Area is 17098246 sqkm,Country is in the Continent of Europe,Russia
Rwanda,No,Yes,No,No,Yes,Yes,No,,Yes,,,,,,,Yes,,26338,Africa,Flag got the following colours: Gold/Green/Blue/,Flag got the following symbols: Circle/Sun/,Country's Area is 26338 sqkm,Country is in the Continent of Africa,Rwanda
Saint Kitts and Nevis,Yes,Yes,Yes,Yes,Yes,No,No,,,,,,,,Yes,,,261,North America,Flag got the following colours: White/Gold/Black/Red/Green/,Flag got the following symbols: Star/,Country's Area is 261 sqkm,Country is in the Continent of North America,Saint Kitts and Nevis
Saint Lucia,Yes,Yes,Yes,No,No,Yes,No,,,,,,,,,,,616,North America,Flag got the following colours: White/Gold/Black/Blue/,Flag got the following symbols: ,Country's Area is 616 sqkm,Country is in the Continent of North America,Saint Lucia
Saint Vincent and the Grenadines,No,Yes,No,No,Yes,Yes,No,,,,,,,,,,,389,North America,Flag got the following colours: Gold/Green/Blue/,Flag got the following symbols: ,Country's Area is 389 sqkm,Country is in the Continent of North America,Saint Vincent and the Grenadines
Samoa,Yes,No,No,Yes,No,Yes,No,,,,,,,,Yes,,,2842,Oceania,Flag got the following colours: White/Red/Blue/,Flag got the following symbols: Star/,Country's Area is 2842 sqkm,Country is in the Continent of Oceania,Samoa
San Marino,Yes,No,No,No,No,Yes,No,,,,,,Yes,,,,,61,Europe,Flag got the following colours: White/Blue/,Flag got the following symbols: Text/,Country's Area is 61 sqkm,Country is in the Continent of Europe,San Marino
Sao Tome and Principe,No,Yes,Yes,Yes,No,No,No,,,,,,,,Yes,,,964,Africa,Flag got the following colours: Gold/Black/Red/,Flag got the following symbols: Star/,Country's Area is 964 sqkm,Country is in the Continent of Africa,Sao Tome and Principe
Saudi Arabia,Yes,No,No,No,Yes,No,No,,,,,,Yes,,,,Yes,2149690,Asia,Flag got the following colours: White/Green/,Flag got the following symbols: Text/Weapon/Tool/,Country's Area is 2149690 sqkm,Country is in the Continent of Asia,Saudi Arabia
Senegal,No,Yes,No,Yes,Yes,No,No,,,,,,,,Yes,,,196712,Africa,Flag got the following colours: Gold/Red/Green/,Flag got the following symbols: Star/,Country's Area is 196712 sqkm,Country is in the Continent of Africa,Senegal
Serbia,Yes,No,No,Yes,No,Yes,No,Yes,,,,Double Headed Eagle,,,,,,88499,Europe,Flag got the following colours: White/Red/Blue/,Flag got the following symbols: Coat of Arms/Double Headed Eagle/,Country's Area is 88499 sqkm,Country is in the Continent of Europe,Serbia
Seychelles,Yes,Yes,No,Yes,Yes,Yes,No,,,,,,,,,,,457,Africa,Flag got the following colours: White/Gold/Red/Green/Blue/,Flag got the following symbols: ,Country's Area is 457 sqkm,Country is in the Continent of Africa,Seychelles
Sierra Leone,Yes,No,No,No,Yes,Yes,No,,,,,,,,,,,72300,Africa,Flag got the following colours: White/Green/Blue/,Flag got the following symbols: ,Country's Area is 72300 sqkm,Country is in the Continent of Africa,Sierra Leone
Singapore,Yes,No,No,Yes,No,No,No,,,Yes,,,,,Yes,,,736,Asia,Flag got the following colours: White/Red/,Flag got the following symbols: Crescent/Star/,Country's Area is 736 sqkm,Country is in the Continent of Asia,Singapore
Slovakia,Yes,No,No,Yes,No,Yes,No,Yes,,,,,,,,,,49035,Europe,Flag got the following colours: White/Red/Blue/,Flag got the following symbols: Coat of Arms/,Country's Area is 49035 sqkm,Country is in the Continent of Europe,Slovakia
Slovenia,Yes,No,No,Yes,No,Yes,No,Yes,,,,,,,Yes,,,20273,Europe,Flag got the following colours: White/Red/Blue/,Flag got the following symbols: Coat of Arms/Star/,Country's Area is 20273 sqkm,Country is in the Continent of Europe,Slovenia
Solomon Islands,Yes,Yes,No,No,Yes,Yes,No,,,,,,,,Yes,,,28896,Oceania,Flag got the following colours: White/Gold/Green/Blue/,Flag got the following symbols: Star/,Country's Area is 28896 sqkm,Country is in the Continent of Oceania,Solomon Islands
Somalia,Yes,No,No,No,No,Yes,No,,,,,,,,Yes,,,637657,Africa,Flag got the following colours: White/Blue/,Flag got the following symbols: Star/,Country's Area is 637657 sqkm,Country is in the Continent of Africa,Somalia
South Africa,Yes,Yes,Yes,Yes,Yes,Yes,No,,,,,,,,,,,1219090,Africa,Flag got the following colours: White/Gold/Black/Red/Green/Blue/,Flag got the following symbols: ,Country's Area is 1219090 sqkm,Country is in the Continent of Africa,South Africa
South Korea,Yes,No,Yes,Yes,No,Yes,No,,Yes,,,,,,,,,100432,Asia,Flag got the following colours: White/Black/Red/Blue/,Flag got the following symbols: Circle/,Country's Area is 100432 sqkm,Country is in the Continent of Asia,South Korea
South Sudan,Yes,Yes,Yes,Yes,Yes,Yes,No,,,,,,,,Yes,,,644329,Africa,Flag got the following colours: White/Gold/Black/Red/Green/Blue/,Flag got the following symbols: Star/,Country's Area is 644329 sqkm,Country is in the Continent of Africa,South Sudan
Spain,No,Yes,No,Yes,No,No,No,Yes,,,,Lion,Yes,,,,,505370,Europe,Flag got the following colours: Gold/Red/,Flag got the following symbols: Coat of Arms/Lion/Text/,Country's Area is 505370 sqkm,Country is in the Continent of Europe,Spain
Sri Lanka,No,Yes,No,No,Yes,No,Yes,,,,,Golden lion,,Yes,,,Yes,65610,Asia,Flag got the following colours: Gold/Green/Maroon/,Flag got the following symbols: Golden lion/Plant/Weapon/Tool/,Country's Area is 65610 sqkm,Country is in the Continent of Asia,Sri Lanka
Sudan,Yes,No,Yes,Yes,Yes,No,No,,,,,,,,,,,1861484,Africa,Flag got the following colours: White/Black/Red/Green/,Flag got the following symbols: ,Country's Area is 1861484 sqkm,Country is in the Continent of Africa,Sudan
Suriname,Yes,Yes,No,Yes,Yes,No,No,,,,,,,,Yes,,,163820,South America,Flag got the following colours: White/Gold/Red/Green/,Flag got the following symbols: Star/,Country's Area is 163820 sqkm,Country is in the Continent of South America,Suriname
Sweden,No,Yes,No,No,No,Yes,No,,,,Yes,,,,,,,450295,Europe,Flag got the following colours: Gold/Blue/,Flag got the following symbols: Cross/,Country's Area is 450295 sqkm,Country is in the Continent of Europe,Sweden
Switzerland,Yes,No,No,Yes,No,No,No,,,,,,,,,,,41291,Europe,Flag got the following colours: White/Red/,Flag got the following symbols: ,Country's Area is 41291 sqkm,Country is in the Continent of Europe,Switzerland
Syria,Yes,No,Yes,Yes,Yes,No,No,,,,,,,,Yes,,,185180,Asia,Flag got the following colours: White/Black/Red/Green/,Flag got the following symbols: Star/,Country's Area is 185180 sqkm,Country is in the Continent of Asia,Syria
Tajikistan,Yes,Yes,No,Yes,Yes,No,No,,,,,,,,Yes,,,144100,Asia,Flag got the following colours: White/Gold/Red/Green/,Flag got the following symbols: Star/,Country's Area is 144100 sqkm,Country is in the Continent of Asia,Tajikistan
Tanzania,No,Yes,Yes,No,Yes,Yes,No,,,,,,,,,,,947303,Africa,Flag got the following colours: Gold/Black/Green/Blue/,Flag got the following symbols: ,Country's Area is 947303 sqkm,Country is in the Continent of Africa,Tanzania
Thailand,Yes,No,No,Yes,No,Yes,No,,,,,,,,,,,513120,Asia,Flag got the following colours: White/Red/Blue/,Flag got the following symbols: ,Country's Area is 513120 sqkm,Country is in the Continent of Asia,Thailand
Togo,Yes,Yes,No,Yes,Yes,No,No,,,,,,,,Yes,,,56785,Africa,Flag got the following colours: White/Gold/Red/Green/,Flag got the following symbols: Star/,Country's Area is 56785 sqkm,Country is in the Continent of Africa,Togo
Tonga,Yes,No,No,Yes,No,No,No,,,,Yes,,,,,,,747,Oceania,Flag got the following colours: White/Red/,Flag got the following symbols: Cross/,Country's Area is 747 sqkm,Country is in the Continent of Oceania,Tonga
Trinidad and Tobago,Yes,No,Yes,Yes,No,No,No,,,,,,,,,,,5127,North America,Flag got the following colours: White/Black/Red/,Flag got the following symbols: ,Country's Area is 5127 sqkm,Country is in the Continent of North America,Trinidad and Tobago
Tunisia,Yes,No,No,Yes,No,No,No,,Yes,Yes,,,,,Yes,,,163610,Africa,Flag got the following colours: White/Red/,Flag got the following symbols: Circle/Crescent/Star/,Country's Area is 163610 sqkm,Country is in the Continent of Africa,Tunisia
Turkey,Yes,No,No,Yes,No,No,No,,,Yes,,,,,Yes,,,783562,Asia,Flag got the following colours: White/Red/,Flag got the following symbols: Crescent/Star/,Country's Area is 783562 sqkm,Country is in the Continent of Asia,Turkey
Turkmenistan,Yes,Yes,No,Yes,Yes,No,No,,,Yes,,,,,Yes,,,488100,Asia,Flag got the following colours: White/Gold/Red/Green/,Flag got the following symbols: Crescent/Star/,Country's Area is 488100 sqkm,Country is in the Continent of Asia,Turkmenistan
Tuvalu,Yes,Yes,No,Yes,No,Yes,No,,,,Yes,,,,Yes,,,26,Oceania,Flag got the following colours: White/Gold/Red/Blue/,Flag got the following symbols: Cross/Star/,Country's Area is 26 sqkm,Country is in the Continent of Oceania,Tuvalu
Uganda,No,Yes,Yes,Yes,No,No,No,,Yes,,,Grey Crowned Crane,,,,,,241550,Africa,Flag got the following colours: Gold/Black/Red/,Flag got the following symbols: Circle/Grey Crowned Crane/,Country's Area is 241550 sqkm,Country is in the Continent of Africa,Uganda
Ukraine,No,Yes,No,No,No,Yes,No,,,,,,,,,,,603550,Europe,Flag got the following colours: Gold/Blue/,Flag got the following symbols: ,Country's Area is 603550 sqkm,Country is in the Continent of Europe,Ukraine
United Arab Emirates,Yes,No,Yes,Yes,Yes,No,No,,,,,,,,,,,83600,Asia,Flag got the following colours: White/Black/Red/Green/,Flag got the following symbols: ,Country's Area is 83600 sqkm,Country is in the Continent of Asia,United Arab Emirates
United Kingdom,Yes,No,No,Yes,No,Yes,No,,,,Yes,,,,,,,244376,Europe,Flag got the following colours: White/Red/Blue/,Flag got the following symbols: Cross/,Country's Area is 244376 sqkm,Country is in the Continent of Europe,United Kingdom
United States,Yes,No,No,Yes,No,Yes,No,,,,,,,,Yes,,,9525067,North America,Flag got the following colours: White/Red/Blue/,Flag got the following symbols: Star/,Country's Area is 9525067 sqkm,Country is in the Continent of North America,United States of America
Uruguay,Yes,Yes,No,No,No,Yes,No,,,,,,,,,Yes,,176215,South America,Flag got the following colours: White/Gold/Blue/,Flag got the following symbols: Sun/,Country's Area is 176215 sqkm,Country is in the Continent of South America,Uruguay
Uzbekistan,Yes,No,No,Yes,Yes,Yes,No,,,Yes,,,,,Yes,,,447400,Asia,Flag got the following colours: White/Red/Green/Blue/,Flag got the following symbols: Crescent/Star/,Country's Area is 447400 sqkm,Country is in the Continent of Asia,Uzbekistan
Vanuatu,No,Yes,Yes,Yes,No,No,No,,,,,,,Yes,,,,12189,Oceania,Flag got the following colours: Gold/Black/Red/,Flag got the following symbols: Plant/,Country's Area is 12189 sqkm,Country is in the Continent of Oceania,Vanuatu
Vatican City,Yes,Yes,No,No,No,No,No,Yes,,,Yes,,,,,,,0.49,Europe,Flag got the following colours: White/Gold/,Flag got the following symbols: Coat of Arms/Cross/,Country's Area is 0.49 sqkm,Country is in the Continent of Europe,Vatican City
Venezuela,Yes,Yes,No,Yes,No,Yes,No,,,,,Horse,,,Yes,,Yes,912050,South America,Flag got the following colours: White/Gold/Red/Blue/,Flag got the following symbols: Horse/Star/Weapon/Tool/,Country's Area is 912050 sqkm,Country is in the Continent of South America,Venezuela
Vietnam,No,Yes,No,Yes,No,No,No,,,,,,,,Yes,,,331340,Asia,Flag got the following colours: Gold/Red/,Flag got the following symbols: Star/,Country's Area is 331340 sqkm,Country is in the Continent of Asia,Vietnam
Yemen,Yes,No,Yes,Yes,No,No,No,,,,,,,,,,,527968,Asia,Flag got the following colours: White/Black/Red/,Flag got the following symbols: ,Country's Area is 527968 sqkm,Country is in the Continent of Asia,Yemen
Zambia,No,Yes,Yes,Yes,No,No,No,,,,,African Fish Eagle,,,,,,752612,Africa,Flag got the following colours: Gold/Black/Red/,Flag got the following symbols: African Fish Eagle/,Country's Area is 752612 sqkm,Country is in the Continent of Africa,Zambia
Zimbabwe,Yes,Yes,Yes,Yes,Yes,No,No,,,,,Zimbabwe Bird,,,Yes,,,390757,Africa,Flag got the following colours: White/Gold/Black/Red/Green/,Flag got the following symbols: Zimbabwe Bird/Star/,Country's Area is 390757 sqkm,Country is in the Continent of Africa,Zimbabwe
